41993,NOT
23000,NOT
42478,NOT
21748,NOT
13607,OFF
28439,NOT
14664,OFF
22741,NOT
40997,NOT
15724,NOT
26615,NOT
36970,NOT
40935,NOT
23610,NOT
22870,NOT
32117,OFF
42717,NOT
28098,OFF
11285,OFF
12325,OFF
41056,NOT
15960,NOT
40042,NOT
35161,OFF
11994,NOT
41830,NOT
39601,NOT
40159,NOT
19772,NOT
35199,NOT
39580,OFF
16821,NOT
30453,NOT
45902,NOT
18728,NOT
31336,NOT
18812,NOT
12284,NOT
27734,NOT
19214,NOT
33019,NOT
38049,OFF
11817,NOT
24933,NOT
45591,NOT
41822,NOT
10377,NOT
43488,NOT
25792,NOT
40730,NOT
33263,NOT
19221,OFF
31363,NOT
29659,NOT
24587,NOT
37722,NOT
20643,NOT
19816,NOT
23388,NOT
42464,NOT
42705,NOT
40858,NOT
31118,NOT
23307,NOT
27837,NOT
32910,NOT
29414,NOT
30370,NOT
45809,NOT
36227,NOT
10133,OFF
11746,OFF
22986,NOT
31398,NOT
21810,OFF
32466,OFF
21183,NOT
37861,NOT
35798,NOT
24945,NOT
30107,NOT
10462,NOT
36722,NOT
43708,NOT
19419,NOT
45461,NOT
19843,NOT
43162,NOT
26199,NOT
20357,NOT
27440,NOT
41074,NOT
42454,NOT
18316,NOT
32607,NOT
16596,NOT
35824,NOT
16740,NOT
23913,OFF
33358,OFF
41196,NOT
41158,NOT
13038,NOT
37305,NOT
42254,NOT
12169,NOT
44543,OFF
19059,NOT
20488,NOT
17025,NOT
11913,NOT
13192,NOT
19141,NOT
30361,OFF
33215,NOT
23337,NOT
26647,NOT
36340,NOT
15640,NOT
12545,NOT
14042,NOT
37503,NOT
28584,NOT
41203,NOT
31270,NOT
10339,NOT
21940,NOT
36756,NOT
14004,NOT
17155,NOT
17603,NOT
32103,NOT
23592,NOT
26953,NOT
23461,NOT
38154,OFF
24827,NOT
39846,NOT
10886,NOT
29351,NOT
42313,NOT
45152,OFF
25113,NOT
36422,NOT
26867,NOT
33541,NOT
29628,NOT
30888,NOT
36145,NOT
33788,NOT
15207,NOT
17646,NOT
17769,NOT
17610,OFF
35807,NOT
42321,NOT
24119,NOT
27956,NOT
24227,OFF
24603,NOT
37001,NOT
27539,NOT
15580,OFF
28004,OFF
16870,NOT
18491,NOT
30769,NOT
13919,NOT
38316,NOT
32338,NOT
34083,NOT
28924,NOT
28840,OFF
23741,NOT
35858,NOT
32690,NOT
41380,NOT
16545,NOT
34391,NOT
11705,NOT
45357,NOT
13621,NOT
43086,OFF
13391,NOT
28847,NOT
36509,NOT
41814,NOT
17168,NOT
41906,NOT
38108,NOT
35443,NOT
14640,NOT
19392,NOT
15623,NOT
16447,NOT
38271,NOT
10713,NOT
27002,NOT
12902,NOT
32382,NOT
40719,NOT
45188,NOT
18521,OFF
22932,NOT
35577,OFF
10239,NOT
10470,NOT
36036,NOT
34497,NOT
18417,NOT
41193,NOT
25619,NOT
39000,OFF
22648,NOT
34881,NOT
29005,NOT
37375,OFF
15078,NOT
12680,NOT
14335,NOT
17319,NOT
23934,NOT
33825,NOT
43935,NOT
33841,NOT
24116,OFF
14266,OFF
12635,NOT
14329,NOT
35828,NOT
31911,NOT
32016,NOT
27572,NOT
44319,OFF
40499,NOT
43167,NOT
44696,NOT
35547,OFF
43486,NOT
44148,NOT
43016,NOT
11229,NOT
24738,NOT
10449,OFF
22766,NOT
44766,NOT
23212,NOT
31878,NOT
14006,OFF
26177,NOT
18650,NOT
17472,NOT
14165,NOT
33975,NOT
44254,NOT
38244,OFF
38320,NOT
43725,OFF
45085,OFF
39842,NOT
44882,NOT
41323,NOT
34833,NOT
40920,NOT
37287,NOT
41960,NOT
28119,NOT
45389,NOT
41605,NOT
43749,NOT
26236,OFF
45405,NOT
41885,NOT
42968,NOT
31822,NOT
32769,NOT
18694,NOT
25454,NOT
32141,NOT
22346,NOT
14103,NOT
38854,NOT
10609,NOT
44192,NOT
35569,NOT
22195,NOT
37589,NOT
38013,NOT
15532,NOT
33579,OFF
30607,NOT
32256,OFF
30684,NOT
35422,NOT
17082,NOT
41942,NOT
29206,NOT
36039,NOT
23684,NOT
10840,NOT
13438,NOT
34757,OFF
11500,NOT
20881,NOT
37937,NOT
10158,OFF
40258,OFF
23126,NOT
41978,NOT
38464,NOT
32546,NOT
28517,NOT
15452,NOT
25544,NOT
12379,NOT
40326,NOT
39157,NOT
29854,OFF
14331,NOT
37474,NOT
29090,NOT
15133,NOT
24623,NOT
12040,NOT
25709,NOT
11432,NOT
20636,NOT
31826,NOT
38340,NOT
34151,NOT
38800,NOT
28927,NOT
19239,NOT
42240,NOT
11252,NOT
31766,NOT
18822,NOT
44051,NOT
22094,NOT
36190,NOT
17680,OFF
10488,NOT
11499,NOT
38461,NOT
39874,NOT
33680,NOT
33243,NOT
25011,OFF
20230,NOT
22477,NOT
44179,NOT
34458,NOT
45458,NOT
11335,NOT
32575,NOT
12753,OFF
34433,NOT
34377,NOT
17739,NOT
25553,OFF
34780,NOT
19828,OFF
13423,NOT
37979,NOT
21055,NOT
11421,NOT
30773,NOT
24602,OFF
20808,NOT
17324,NOT
36703,NOT
26823,NOT
14631,NOT
27270,NOT
10879,NOT
34221,NOT
41369,NOT
27370,NOT
42289,NOT
23521,NOT
10265,NOT
38876,NOT
44905,NOT
21419,NOT
43271,OFF
21456,NOT
26555,NOT
19737,NOT
11271,NOT
28064,NOT
41991,NOT
24912,NOT
11933,NOT
38663,NOT
32909,OFF
40057,NOT
23175,OFF
16616,OFF
42906,NOT
17927,NOT
30437,NOT
41956,NOT
27119,NOT
11869,NOT
44483,NOT
22694,NOT
33382,NOT
37778,NOT
10804,NOT
41564,NOT
19782,NOT
26004,OFF
39860,NOT
26651,NOT
25662,NOT
36437,OFF
11931,OFF
45986,NOT
43290,NOT
23065,NOT
18770,NOT
31465,NOT
27483,NOT
38577,NOT
39361,NOT
18220,NOT
35669,NOT
44203,NOT
28470,NOT
35550,NOT
26038,NOT
18567,NOT
28643,NOT
16672,NOT
39044,NOT
30125,NOT
29039,NOT
20671,OFF
27843,NOT
20620,NOT
45672,NOT
44101,NOT
26987,NOT
29075,NOT
12695,OFF
39222,OFF
33277,NOT
15814,OFF
16399,NOT
10341,NOT
44545,OFF
12744,NOT
20769,OFF
39866,NOT
43024,NOT
29211,NOT
14970,NOT
39025,NOT
40189,NOT
43626,NOT
22952,NOT
43473,OFF
14271,NOT
35187,NOT
39441,NOT
44392,NOT
27831,NOT
39610,OFF
39494,NOT
25214,NOT
43048,NOT
29390,NOT
11492,NOT
44035,OFF
12820,OFF
16615,OFF
43459,NOT
13519,NOT
19044,NOT
15053,NOT
36056,NOT
40694,NOT
33734,NOT
24147,NOT
15011,NOT
43635,NOT
33265,OFF
34257,NOT
28901,NOT
17180,NOT
27196,NOT
29173,NOT
15601,NOT
20509,OFF
27694,NOT
34441,NOT
36816,NOT
43225,NOT
39713,OFF
39945,NOT
17765,NOT
23732,OFF
26232,OFF
14212,NOT
14155,NOT
28955,NOT
10194,NOT
26369,NOT
42917,NOT
32011,NOT
23047,NOT
34240,NOT
41207,NOT
16582,NOT
32757,NOT
14392,OFF
37551,OFF
45214,NOT
41877,NOT
36798,NOT
12319,NOT
41697,NOT
44771,NOT
44633,NOT
13189,NOT
31947,NOT
29880,NOT
37432,NOT
35413,NOT
34970,NOT
13690,NOT
29673,NOT
34711,NOT
16133,OFF
23993,OFF
19620,OFF
17758,NOT
14563,NOT
32475,NOT
41164,NOT
27508,OFF
17664,NOT
33316,NOT
42242,NOT
28634,NOT
20971,NOT
39547,OFF
30275,NOT
20353,NOT
25974,NOT
27985,NOT
19382,NOT
36635,OFF
39568,NOT
25900,NOT
43921,NOT
15718,OFF
26460,NOT
22241,NOT
44086,NOT
17273,NOT
33189,OFF
39320,NOT
44424,NOT
32505,NOT
25367,NOT
40129,NOT
15099,OFF
10432,NOT
18558,OFF
15752,OFF
42252,NOT
30814,NOT
18202,NOT
36347,NOT
22989,OFF
40418,NOT
22735,OFF
26931,NOT
34945,NOT
44752,OFF
12750,NOT
17925,OFF
10623,NOT
37027,NOT
15332,NOT
18096,NOT
12124,NOT
39510,NOT
44551,NOT
31434,NOT
14077,OFF
22938,NOT
29929,NOT
44376,NOT
31324,NOT
17454,NOT
36960,NOT
41775,OFF
33091,NOT
44341,OFF
18217,NOT
14486,NOT
41238,NOT
40647,OFF
26238,NOT
42706,NOT
28704,NOT
33532,NOT
36370,NOT
34708,NOT
31328,NOT
22750,NOT
35002,NOT
32247,NOT
33348,NOT
13655,OFF
17263,OFF
42284,NOT
14504,NOT
36891,NOT
18688,NOT
35323,OFF
44485,NOT
23626,NOT
24216,NOT
13319,OFF
14442,OFF
14864,OFF
16983,OFF
25428,NOT
22312,NOT
26310,NOT
30394,NOT
21554,NOT
31713,NOT
19687,NOT
34551,OFF
35455,OFF
44308,OFF
11498,NOT
16851,NOT
30377,NOT
10961,NOT
43363,OFF
11883,NOT
23108,NOT
28778,NOT
27563,NOT
38683,OFF
23197,OFF
31600,NOT
41148,NOT
26164,NOT
25564,NOT
35004,OFF
21580,NOT
25878,NOT
15245,NOT
45412,NOT
16216,OFF
21205,NOT
10734,NOT
37632,NOT
42117,NOT
18038,OFF
13414,NOT
25363,NOT
21870,NOT
15603,NOT
28649,NOT
12487,NOT
29170,NOT
24858,NOT
10955,OFF
46102,NOT
30383,NOT
41845,NOT
36328,NOT
31774,NOT
11007,OFF
16757,OFF
26833,NOT
42063,NOT
39699,NOT
27928,OFF
14992,NOT
44671,NOT
30875,NOT
12433,NOT
40286,OFF
41137,OFF
43181,NOT
28426,OFF
17357,NOT
17377,OFF
14518,NOT
26954,NOT
28388,OFF
30429,NOT
19638,NOT
34031,OFF
35192,NOT
19357,NOT
34931,NOT
32412,NOT
44230,NOT
41514,NOT
22659,NOT
42555,NOT
37824,NOT
30586,NOT
39857,NOT
10748,NOT
45228,NOT
17552,NOT
14427,NOT
42404,OFF
14816,NOT
43919,NOT
43890,NOT
37119,NOT
10526,NOT
22911,NOT
23561,NOT
21234,OFF
39078,NOT
38992,NOT
41852,NOT
11604,OFF
13027,NOT
13653,NOT
11527,NOT
23979,NOT
25102,NOT
38546,NOT
30865,NOT
22166,NOT
29405,NOT
17938,OFF
33283,OFF
17352,NOT
43457,NOT
26622,NOT
10767,NOT
13869,NOT
10918,NOT
31796,NOT
25006,NOT
40939,NOT
23207,NOT
19527,NOT
24285,NOT
39977,NOT
16923,NOT
41360,OFF
36128,NOT
23088,NOT
24715,NOT
35185,NOT
20092,NOT
38518,NOT
38339,NOT
23585,OFF
29073,NOT
11366,NOT
33620,OFF
16418,NOT
29174,NOT
30790,OFF
41898,NOT
42178,OFF
41236,NOT
39093,NOT
45950,NOT
45749,NOT
38465,OFF
12235,NOT
13895,NOT
35625,NOT
22615,NOT
15116,NOT
36408,NOT
31729,NOT
19919,NOT
16135,NOT
25945,NOT
31879,NOT
29029,OFF
44978,NOT
15336,NOT
20919,NOT
36554,NOT
25656,NOT
15723,NOT
24354,NOT
14636,OFF
26829,NOT
25810,NOT
11207,NOT
23548,NOT
46084,NOT
23390,NOT
15444,OFF
25996,NOT
27995,NOT
25697,OFF
31357,NOT
13338,NOT
44709,NOT
23606,NOT
31114,OFF
28472,NOT
10126,NOT
30244,NOT
37367,NOT
29055,NOT
14510,NOT
20355,NOT
18482,NOT
36795,NOT
43063,NOT
39233,NOT
29843,NOT
22653,NOT
12638,NOT
38403,NOT
11973,NOT
10695,NOT
15993,NOT
19564,NOT
11589,NOT
11310,NOT
43099,NOT
14859,NOT
15033,NOT
16832,NOT
42547,NOT
44667,OFF
15546,NOT
10979,NOT
16033,NOT
13814,NOT
46011,NOT
41336,NOT
41367,NOT
13710,NOT
22761,NOT
27268,NOT
22471,NOT
16526,NOT
32333,NOT
34882,NOT
45043,NOT
35170,NOT
39319,NOT
12578,NOT
25284,NOT
11841,OFF
45895,NOT
12858,NOT
28729,OFF
30753,NOT
32564,NOT
43608,NOT
17109,NOT
10858,NOT
18995,OFF
27345,NOT
40848,NOT
30756,OFF
40586,NOT
39442,NOT
26679,NOT
42937,NOT
17114,NOT
13439,NOT
39420,NOT
11216,OFF
26055,NOT
12371,NOT
38200,NOT
14764,OFF
18209,OFF
14911,NOT
24316,NOT
16999,NOT
38652,NOT
33993,NOT
16089,OFF
19925,NOT
22005,NOT
27360,OFF
45739,NOT
29307,NOT
28277,OFF
15086,NOT
41176,NOT
35881,OFF
19742,NOT
11539,NOT
35543,NOT
44539,NOT
32221,NOT
21282,NOT
18616,OFF
34744,NOT
36601,NOT
39467,OFF
26621,NOT
26690,NOT
32000,NOT
23886,NOT
27142,NOT
40198,NOT
36367,NOT
21238,NOT
36418,OFF
25907,NOT
43644,NOT
35929,NOT
12889,NOT
11802,NOT
25879,NOT
42113,NOT
22065,NOT
38456,NOT
46215,NOT
43900,NOT
33136,OFF
30886,NOT
39561,NOT
39534,NOT
15354,NOT
27954,NOT
20369,NOT
45642,NOT
35490,NOT
36777,NOT
33455,OFF
36197,NOT
34078,NOT
19295,NOT
33924,NOT
31693,NOT
28034,NOT
45413,OFF
23845,NOT
22542,NOT
45141,NOT
26819,OFF
38925,NOT
20511,OFF
35644,NOT
33160,NOT
32729,NOT
17325,OFF
29135,NOT
41533,OFF
38409,NOT
38412,NOT
15810,NOT
44919,NOT
32930,NOT
45894,NOT
41412,NOT
28407,NOT
42385,NOT
44253,NOT
11986,NOT
19877,OFF
36928,NOT
45118,NOT
46203,NOT
14624,NOT
45658,NOT
11696,NOT
36614,NOT
19333,OFF
26750,NOT
36364,NOT
24968,NOT
36675,NOT
43199,NOT
38793,NOT
39689,NOT
27530,NOT
43925,NOT
11396,NOT
16335,NOT
10399,NOT
22258,NOT
23525,NOT
39487,NOT
33613,NOT
12691,NOT
31714,NOT
22411,NOT
18715,OFF
14763,OFF
39586,OFF
21605,NOT
24763,NOT
26560,NOT
21998,NOT
12859,NOT
28251,NOT
17393,NOT
22663,OFF
35895,OFF
21969,NOT
18385,NOT
24498,NOT
34620,NOT
28333,NOT
33928,OFF
16101,NOT
24772,NOT
29714,NOT
22548,NOT
44115,OFF
14316,NOT
45593,NOT
17339,NOT
12213,NOT
27490,NOT
37172,OFF
35498,NOT
36755,OFF
27805,NOT
23848,NOT
23178,NOT
16803,NOT
40360,OFF
13794,NOT
36415,NOT
44559,NOT
13700,NOT
14501,NOT
29386,NOT
23572,NOT
31510,OFF
20720,NOT
31350,OFF
43404,OFF
34687,OFF
22784,NOT
36254,NOT
10835,NOT
31638,NOT
31067,NOT
28311,NOT
42065,NOT
18670,OFF
38429,NOT
13486,NOT
28191,NOT
18712,NOT
43797,OFF
12587,NOT
15235,NOT
32949,OFF
31043,NOT
21397,NOT
15764,NOT
26812,NOT
31700,NOT
26639,OFF
40024,NOT
40597,NOT
11316,NOT
18067,NOT
32170,NOT
22161,NOT
26124,NOT
22723,NOT
41139,NOT
26775,NOT
32139,NOT
34184,NOT
45561,NOT
32874,NOT
16459,NOT
39154,NOT
21719,NOT
26808,NOT
27869,NOT
29481,NOT
45002,NOT
41888,NOT
23865,NOT
14544,NOT
29370,NOT
22552,NOT
17039,NOT
35675,NOT
30098,NOT
37178,OFF
11465,NOT
25170,OFF
43870,NOT
10138,NOT
27120,NOT
34091,OFF
14698,NOT
13755,NOT
41811,NOT
44395,NOT
30519,NOT
13916,NOT
44296,NOT
14922,NOT
34594,NOT
26256,NOT
26580,NOT
39064,NOT
14150,NOT
22827,NOT
25763,NOT
27394,NOT
18473,NOT
27145,NOT
34314,OFF
40914,NOT
12096,NOT
17157,OFF
16670,NOT
10655,NOT
34194,OFF
45505,NOT
13148,OFF
33718,NOT
20435,NOT
41301,OFF
43066,OFF
42169,NOT
40936,NOT
41374,OFF
19402,NOT
20374,NOT
13030,NOT
12006,NOT
13945,OFF
33504,NOT
24030,NOT
12712,OFF
20850,NOT
19880,NOT
38203,NOT
38014,NOT
25521,NOT
41264,NOT
20576,NOT
28310,NOT
28441,NOT
13801,NOT
37266,NOT
27963,NOT
19305,NOT
19358,NOT
38116,NOT
35570,NOT
32643,OFF
41785,NOT
16047,NOT
17823,OFF
21632,NOT
35980,NOT
20000,NOT
29084,NOT
45548,NOT
22493,NOT
13083,NOT
10493,NOT
40268,NOT
17422,NOT
22614,NOT
26190,NOT
14441,NOT
43262,NOT
39016,NOT
17897,NOT
31607,NOT
13399,NOT
14386,NOT
18044,NOT
21956,NOT
44538,NOT
12709,NOT
36353,NOT
24416,NOT
12745,NOT
15135,NOT
36608,NOT
36518,OFF
36683,NOT
23835,OFF
28687,NOT
13092,NOT
33279,OFF
40056,NOT
36200,NOT
45244,NOT
36976,NOT
17889,NOT
35097,NOT
37233,NOT
13361,NOT
35817,NOT
14913,NOT
20391,NOT
31186,NOT
27747,NOT
12181,NOT
33855,NOT
24130,NOT
15737,NOT
18197,NOT
18218,OFF
22288,NOT
18590,NOT
19887,NOT
16273,NOT
35309,OFF
29154,NOT
22170,NOT
43011,OFF
38579,NOT
28992,OFF
43653,NOT
23383,NOT
27321,NOT
10829,NOT
35733,NOT
33463,NOT
40707,NOT
45791,NOT
42784,NOT
14607,NOT
36262,NOT
10487,NOT
37086,NOT
31040,NOT
25545,NOT
10622,NOT
24126,NOT
29274,OFF
19992,NOT
15114,NOT
22898,NOT
39550,OFF
11777,NOT
17384,NOT
41517,NOT
28834,NOT
36702,NOT
11201,NOT
10607,NOT
34507,NOT
13709,NOT
15303,NOT
10653,NOT
34674,NOT
11337,NOT
30899,OFF
41716,NOT
34942,NOT
13034,NOT
26800,NOT
18697,NOT
29193,NOT
34305,NOT
15900,NOT
33088,NOT
10770,NOT
25403,OFF
40527,NOT
18924,OFF
21375,NOT
36549,NOT
25868,OFF
27027,NOT
14515,NOT
41287,NOT
45240,NOT
15842,NOT
31415,NOT
40717,NOT
24317,OFF
11340,NOT
29241,NOT
24551,NOT
42792,OFF
17342,NOT
17460,NOT
41162,NOT
16657,NOT
33451,NOT
36790,NOT
36361,OFF
31495,OFF
44304,NOT
22839,NOT
25017,NOT
16190,NOT
17688,NOT
11471,NOT
17780,NOT
39762,NOT
25765,NOT
43140,NOT
28863,NOT
46206,NOT
32372,OFF
18557,NOT
27556,NOT
33380,NOT
26170,OFF
17855,NOT
40682,NOT
32429,NOT
30070,NOT
11582,NOT
18931,OFF
18760,NOT
26940,NOT
36527,NOT
10899,NOT
34019,NOT
11798,NOT
19132,OFF
41129,NOT
44090,OFF
36159,NOT
30115,NOT
32472,NOT
38911,NOT
42172,NOT
33489,NOT
28431,NOT
29268,NOT
32838,NOT
37080,NOT
23162,NOT
17219,NOT
33806,OFF
46166,NOT
22178,NOT
24074,NOT
14280,NOT
43801,NOT
31012,OFF
24259,NOT
40101,NOT
21112,OFF
24436,OFF
18958,OFF
44174,OFF
10198,NOT
18788,OFF
26259,OFF
17484,NOT
30112,NOT
12725,NOT
32641,NOT
31535,NOT
11093,NOT
10067,NOT
45262,NOT
30736,NOT
17544,OFF
11000,NOT
33717,NOT
37270,NOT
30933,OFF
20170,NOT
29452,NOT
29186,NOT
33661,NOT
22202,NOT
27105,NOT
42110,NOT
20197,NOT
20016,OFF
13693,OFF
38669,NOT
44201,NOT
26490,NOT
30074,NOT
39881,NOT
29776,NOT
43246,NOT
15859,NOT
38554,OFF
14210,NOT
37509,OFF
28793,NOT
34418,NOT
24072,NOT
19011,NOT
40783,NOT
15948,NOT
37196,NOT
24461,NOT
32253,NOT
37868,NOT
40440,NOT
44685,NOT
39773,OFF
18664,NOT
10702,NOT
14067,NOT
23258,NOT
29371,NOT
14283,NOT
12711,OFF
16443,NOT
20455,NOT
31808,NOT
39131,NOT
10183,NOT
24493,NOT
36906,OFF
36713,NOT
40726,NOT
41174,NOT
28963,NOT
19162,NOT
40137,NOT
22634,NOT
17225,NOT
29381,OFF
39937,NOT
12409,NOT
46162,NOT
14033,NOT
27981,NOT
39132,NOT
19995,NOT
19592,NOT
32775,NOT
42521,OFF
11062,OFF
40013,NOT
15195,NOT
40596,NOT
25979,OFF
21819,NOT
17895,NOT
15456,NOT
41177,NOT
24048,NOT
10145,NOT
22580,NOT
39299,OFF
31655,NOT
18729,NOT
22820,NOT
23257,NOT
28700,NOT
18624,NOT
16247,NOT
36607,NOT
37798,NOT
10638,NOT
45033,NOT
10757,OFF
35875,NOT
44164,OFF
29049,NOT
35083,NOT
43606,NOT
43568,NOT
37781,NOT
41355,NOT
38565,NOT
21599,OFF
13897,NOT
31669,NOT
18595,OFF
12373,NOT
17403,NOT
13614,NOT
34536,NOT
25853,NOT
26890,NOT
37532,OFF
15412,NOT
21017,NOT
36451,NOT
36571,OFF
34983,NOT
43258,OFF
38567,NOT
44279,NOT
41237,OFF
13563,NOT
45241,NOT
34557,NOT
21329,OFF
21131,NOT
25473,NOT
38388,NOT
40053,NOT
38023,NOT
21623,NOT
29536,NOT
25830,NOT
14766,NOT
12893,NOT
13855,NOT
25257,NOT
13362,NOT
18030,NOT
15559,NOT
37885,NOT
37895,NOT
40606,NOT
42942,NOT
38174,NOT
25440,NOT
19993,OFF
32024,NOT
38237,NOT
27130,OFF
32021,NOT
28030,NOT
10312,NOT
18208,NOT
34275,NOT
37326,OFF
16442,NOT
41173,NOT
24747,NOT
15204,NOT
23107,NOT
29753,NOT
22668,NOT
44165,NOT
23074,NOT
24639,OFF
35091,NOT
27709,NOT
31094,NOT
44660,NOT
32334,NOT
34685,NOT
40244,NOT
19629,NOT
44702,NOT
19045,NOT
31543,NOT
45853,NOT
41997,NOT
32797,NOT
30928,NOT
13505,NOT
37780,NOT
20770,NOT
37067,NOT
16537,NOT
13334,OFF
17433,OFF
20202,NOT
43616,NOT
39967,NOT
36823,NOT
40501,NOT
26031,NOT
29684,NOT
36548,NOT
33073,NOT
41101,NOT
11786,NOT
12787,NOT
25434,OFF
28600,OFF
10712,NOT
34598,NOT
37004,NOT
40475,NOT
45451,OFF
16441,OFF
14916,NOT
29872,NOT
28751,NOT
45845,NOT
42806,NOT
11389,NOT
39859,NOT
36533,NOT
11259,NOT
32631,NOT
45507,NOT
40610,NOT
12966,OFF
15045,NOT
14186,NOT
29925,OFF
32527,OFF
28305,NOT
18444,OFF
26350,NOT
42959,NOT
32529,NOT
10430,NOT
27016,NOT
21814,OFF
24640,NOT
32064,NOT
40518,NOT
25460,NOT
23708,NOT
37915,NOT
42338,NOT
35271,NOT
31868,NOT
46230,OFF
16327,NOT
30575,NOT
18620,NOT
24358,NOT
28016,NOT
40784,NOT
18743,NOT
15073,NOT
32355,NOT
45939,NOT
10398,NOT
21444,NOT
16405,NOT
32348,NOT
12932,NOT
21935,NOT
27418,NOT
20180,NOT
29645,NOT
39014,NOT
46103,NOT
40474,NOT
23415,OFF
13526,NOT
38141,OFF
31852,NOT
36482,OFF
23984,NOT
32686,NOT
33133,NOT
27506,OFF
17930,OFF
29041,NOT
36112,OFF
17249,NOT
18577,NOT
12001,NOT
31055,NOT
45338,NOT
13435,NOT
35058,NOT
36115,NOT
44306,NOT
23460,NOT
32953,OFF
30996,NOT
30648,OFF
11250,NOT
10185,NOT
43529,OFF
43250,NOT
24844,NOT
28344,NOT
13868,NOT
10412,NOT
44607,OFF
43640,OFF
10266,OFF
41088,NOT
31698,NOT
43973,NOT
21382,OFF
40800,NOT
36086,NOT
31775,NOT
36071,NOT
29857,NOT
14818,NOT
26145,NOT
42533,NOT
24009,OFF
15972,NOT
42260,NOT
12464,NOT
35534,NOT
39809,OFF
44733,NOT
15208,NOT
11219,NOT
28187,NOT
39633,NOT
44125,OFF
15554,NOT
22053,NOT
29737,NOT
39296,NOT
30432,NOT
30174,NOT
39092,NOT
14009,NOT
35605,NOT
39635,NOT
40234,NOT
38159,NOT
39463,NOT
45738,NOT
32912,NOT
42955,NOT
26850,NOT
37544,NOT
19106,NOT
34411,NOT
34245,NOT
33671,NOT
42197,NOT
42069,NOT
16200,NOT
17695,NOT
16215,NOT
11069,OFF
10912,NOT
43766,NOT
27898,NOT
14576,NOT
17331,NOT
26942,NOT
19393,NOT
12442,NOT
30577,NOT
11885,NOT
34193,NOT
40661,NOT
20084,NOT
36393,OFF
19798,NOT
29190,NOT
35239,NOT
37934,NOT
25315,NOT
10087,NOT
15553,NOT
40947,NOT
28504,NOT
34058,OFF
38750,NOT
23039,NOT
42961,NOT
45934,OFF
24492,NOT
14249,OFF
14788,NOT
32020,NOT
39485,NOT
17986,OFF
14704,NOT
45856,NOT
13960,NOT
30653,OFF
19622,NOT
16246,NOT
17409,NOT
23950,NOT
22100,NOT
14032,NOT
43905,NOT
40842,OFF
23921,NOT
45324,NOT
29277,OFF
39704,NOT
35785,NOT
12634,NOT
34034,NOT
23772,OFF
24592,NOT
16693,NOT
35988,OFF
12280,NOT
15301,NOT
21379,NOT
11080,NOT
14328,NOT
10348,NOT
40256,NOT
28035,NOT
19524,NOT
45942,NOT
29963,NOT
42139,NOT
17983,NOT
45173,NOT
38552,OFF
32805,NOT
11134,NOT
37003,NOT
11703,NOT
12901,NOT
27593,NOT
38714,NOT
16808,NOT
41988,OFF
34909,NOT
45147,NOT
28542,NOT
38617,NOT
34509,NOT
12576,NOT
17766,NOT
33041,NOT
39295,NOT
21260,NOT
30110,NOT
17010,NOT
10093,OFF
30960,NOT
39216,NOT
25498,NOT
36016,NOT
16183,OFF
32031,NOT
25104,NOT
25663,NOT
26499,NOT
37519,NOT
24988,NOT
21961,OFF
27816,NOT
11023,NOT
14833,NOT
22737,NOT
38589,NOT
13862,NOT
18089,NOT
16427,NOT
17138,NOT
26640,NOT
21946,OFF
45316,OFF
28384,NOT
25612,NOT
24589,NOT
39858,OFF
28124,NOT
36126,OFF
12229,NOT
19153,NOT
21884,NOT
35298,NOT
17967,NOT
17306,NOT
19232,NOT
15141,NOT
21934,NOT
46202,NOT
17445,NOT
44662,NOT
10868,NOT
14928,NOT
42864,NOT
32124,NOT
28513,OFF
17318,NOT
27081,NOT
41329,OFF
23888,NOT
10566,NOT
22534,OFF
31346,NOT
13745,NOT
18781,NOT
15827,OFF
37839,NOT
29699,NOT
20819,NOT
12399,OFF
29309,NOT
36046,NOT
38679,NOT
39628,NOT
18890,NOT
45579,NOT
27762,NOT
44063,NOT
31904,NOT
16630,NOT
35103,NOT
11399,NOT
31783,OFF
36724,NOT
34773,NOT
40259,NOT
42852,NOT
38489,OFF
22479,NOT
30612,NOT
30363,NOT
43990,NOT
20481,NOT
32090,NOT
24769,NOT
28655,OFF
30943,OFF
20486,NOT
43102,NOT
45598,NOT
18602,OFF
28025,OFF
40091,NOT
25190,NOT
28345,NOT
23763,NOT
37585,NOT
26188,NOT
10703,NOT
44929,NOT
31658,OFF
20088,NOT
38254,OFF
30852,NOT
46015,OFF
26781,NOT
37257,OFF
35715,NOT
19647,NOT
20399,NOT
11628,NOT
14226,NOT
36497,OFF
33119,NOT
26011,NOT
14695,NOT
37095,NOT
22416,OFF
40347,NOT
43707,NOT
23335,NOT
32531,NOT
22135,NOT
37580,NOT
33423,NOT
24803,NOT
25625,NOT
31245,OFF
13265,NOT
44180,NOT
25620,NOT
36329,NOT
15771,NOT
13500,NOT
21199,NOT
32810,NOT
12985,NOT
21798,NOT
30154,NOT
34835,NOT
32415,NOT
40958,NOT
26178,NOT
32445,OFF
14078,OFF
10815,NOT
45294,NOT
41327,NOT
31890,NOT
25422,NOT
20611,NOT
19626,NOT
44390,NOT
36542,NOT
15196,NOT
45606,OFF
40671,NOT
32630,NOT
36440,NOT
28920,OFF
13071,OFF
31715,NOT
36493,NOT
24189,NOT
39600,NOT
21389,NOT
16390,NOT
43091,NOT
20521,NOT
22265,NOT
29653,NOT
31387,NOT
37030,OFF
36985,NOT
34597,NOT
36651,NOT
39229,NOT
17045,NOT
43034,NOT
39970,OFF
13118,NOT
35340,NOT
19201,NOT
31624,NOT
35137,OFF
24636,OFF
19594,NOT
32130,OFF
44111,NOT
19691,NOT
11828,NOT
24169,NOT
30879,NOT
41739,NOT
23709,NOT
39626,NOT
14447,NOT
19946,NOT
30831,NOT
28548,NOT
14030,NOT
29883,NOT
37594,NOT
23171,OFF
11462,NOT
17118,NOT
33755,NOT
18982,OFF
36620,OFF
28196,OFF
30408,NOT
29128,NOT
16250,NOT
22055,NOT
21436,OFF
26380,OFF
25558,OFF
28912,NOT
39844,NOT
25935,NOT
34587,NOT
42827,NOT
16858,NOT
33844,NOT
41904,NOT
18636,NOT
21709,OFF
39653,NOT
14158,NOT
44877,NOT
23113,NOT
43423,NOT
13968,NOT
33501,NOT
41556,NOT
14754,NOT
18985,NOT
41539,NOT
39298,NOT
21161,NOT
41889,NOT
21416,NOT
41440,NOT
42112,OFF
19682,OFF
12062,NOT
44322,NOT
44162,NOT
16613,NOT
38609,OFF
19502,NOT
34830,OFF
16534,NOT
37134,NOT
34956,NOT
29517,NOT
35234,NOT
39373,NOT
15910,NOT
43336,NOT
45107,NOT
11272,NOT
37936,NOT
37145,NOT
26550,NOT
26546,NOT
19967,NOT
42244,NOT
33693,NOT
24597,NOT
11258,NOT
35525,NOT
38267,NOT
32337,NOT
42674,NOT
18084,OFF
17436,NOT
38605,NOT
27778,NOT
33602,NOT
44012,NOT
44556,OFF
31605,NOT
27755,NOT
23774,NOT
41147,NOT
40071,NOT
40786,OFF
44560,NOT
43986,NOT
18004,NOT
26673,NOT
11980,NOT
21895,NOT
42107,NOT
30466,NOT
39885,OFF
19063,NOT
14007,NOT
30651,NOT
21517,NOT
31858,NOT
33805,NOT
16491,NOT
29555,NOT
20598,OFF
34239,NOT
41451,OFF
31208,OFF
30229,OFF
15050,NOT
33698,NOT
18013,NOT
32159,NOT
45186,NOT
20466,NOT
18587,NOT
14059,OFF
12317,NOT
21713,NOT
17073,NOT
12043,NOT
21142,NOT
20661,NOT
29422,NOT
26174,NOT
22441,NOT
28648,NOT
15451,NOT
22398,NOT
35451,NOT
43277,NOT
13317,NOT
12963,NOT
42274,NOT
25410,OFF
30583,NOT
29695,OFF
12924,NOT
39688,NOT
38634,NOT
16008,OFF
39887,NOT
33477,NOT
23034,NOT
35305,NOT
36597,OFF
44783,NOT
14037,NOT
18738,NOT
10786,OFF
27911,NOT
42074,NOT
33303,OFF
14270,NOT
32204,NOT
11073,NOT
30833,OFF
38563,NOT
26084,NOT
32072,NOT
11236,OFF
36892,OFF
10464,NOT
20621,NOT
33535,NOT
18649,NOT
11210,NOT
39941,NOT
45095,NOT
45131,NOT
32350,NOT
31230,NOT
40028,NOT
18677,NOT
38721,NOT
27669,NOT
14591,NOT
19508,NOT
36811,NOT
39798,NOT
18241,NOT
34035,OFF
39174,NOT
17504,NOT
37180,NOT
21593,OFF
41752,NOT
11433,NOT
38668,NOT
37482,OFF
17641,NOT
19366,OFF
10640,NOT
40863,NOT
42816,NOT
25003,NOT
19478,NOT
43296,NOT
31973,NOT
20130,NOT
29773,OFF
40420,NOT
13986,NOT
22006,NOT
32839,OFF
22377,NOT
22745,NOT
39966,NOT
43974,NOT
17406,NOT
40050,NOT
12560,NOT
31806,NOT
43735,NOT
22432,NOT
15693,OFF
20366,OFF
28611,NOT
15888,NOT
26020,NOT
27608,NOT
36936,NOT
24662,NOT
13068,NOT
16662,NOT
16961,NOT
36886,NOT
28988,NOT
38302,NOT
12618,NOT
37055,OFF
41399,NOT
45495,OFF
25429,NOT
28954,NOT
37804,NOT
30760,NOT
13103,NOT
21303,OFF
32830,NOT
15189,NOT
13076,NOT
38987,NOT
24802,OFF
10429,NOT
33217,NOT
25800,OFF
15941,NOT
17004,NOT
35841,NOT
34385,NOT
32887,NOT
12002,OFF
45832,OFF
10271,NOT
26052,NOT
24918,NOT
33446,NOT
23327,NOT
19545,NOT
28146,NOT
18304,NOT
21066,NOT
42217,NOT
36246,NOT
40181,NOT
42600,NOT
19283,NOT
22167,NOT
28175,NOT
43251,NOT
37188,NOT
31273,NOT
38132,NOT
25696,NOT
25175,NOT
19030,NOT
24399,NOT
10500,OFF
16928,NOT
42343,NOT
20163,NOT
36715,NOT
18487,NOT
20377,NOT
34930,NOT
24454,NOT
42488,NOT
21896,OFF
35628,OFF
26806,NOT
45076,NOT
39249,NOT
38820,NOT
39896,NOT
22936,NOT
20165,NOT
44353,NOT
37139,NOT
32321,NOT
33429,OFF
43772,NOT
19788,OFF
34731,NOT
32876,NOT
42358,NOT
36507,NOT
20589,NOT
16361,NOT
12435,NOT
44763,NOT
46130,NOT
10663,OFF
22931,NOT
37471,NOT
37488,OFF
29443,NOT
40625,OFF
30455,NOT
12374,NOT
37696,NOT
14289,NOT
38488,NOT
44772,NOT
10088,NOT
25562,NOT
18684,OFF
25514,NOT
30709,NOT
41347,NOT
21686,NOT
14996,NOT
30271,NOT
28885,NOT
19284,NOT
36406,NOT
38604,NOT
14794,NOT
32413,NOT
25124,NOT
23191,NOT
30552,NOT
35887,NOT
21451,NOT
10366,NOT
34104,NOT
32988,OFF
18603,NOT
28909,NOT
31290,NOT
32878,OFF
28732,OFF
39976,NOT
32068,NOT
13557,NOT
39992,NOT
11908,OFF
27168,OFF
38263,NOT
15840,NOT
27886,NOT
11773,NOT
16570,NOT
24782,NOT
29012,NOT
10172,NOT
21041,NOT
34549,NOT
30674,NOT
32854,NOT
32888,NOT
15526,NOT
22764,OFF
28957,OFF
11328,OFF
16346,NOT
27245,NOT
15969,NOT
24739,NOT
18971,OFF
30440,NOT
26139,OFF
15956,NOT
39125,NOT
12516,NOT
12717,NOT
11214,NOT
41272,NOT
17507,NOT
39959,NOT
46181,OFF
21924,NOT
27823,NOT
20075,NOT
29581,OFF
35502,NOT
44445,OFF
37328,NOT
29864,NOT
19313,OFF
35283,NOT
25882,NOT
11755,NOT
23775,OFF
19443,NOT
22130,NOT
15756,NOT
20687,NOT
26893,OFF
34545,NOT
20307,NOT
44742,OFF
44554,NOT
34484,NOT
17246,NOT
26905,NOT
25247,NOT
10054,NOT
15430,NOT
11781,NOT
33673,NOT
44152,NOT
44855,NOT
14983,NOT
30226,NOT
37774,NOT
39118,OFF
21176,NOT
15966,NOT
45432,NOT
40432,NOT
14629,NOT
34995,NOT
36471,NOT
22786,NOT
22513,NOT
39979,NOT
19963,NOT
43654,NOT
10841,NOT
38109,NOT
39050,NOT
31308,NOT
33996,NOT
24648,NOT
24043,NOT
33369,NOT
24718,NOT
36939,NOT
39151,NOT
14612,NOT
24193,NOT
10186,NOT
44981,NOT
27631,NOT
13390,NOT
18224,NOT
32381,NOT
43141,NOT
24124,NOT
23894,NOT
44218,NOT
26423,NOT
29230,OFF
45850,NOT
41138,NOT
44872,NOT
36765,NOT
29119,NOT
19424,OFF
27555,NOT
12806,NOT
22640,NOT
37853,NOT
27178,NOT
40805,NOT
24186,OFF
16184,NOT
41342,NOT
14759,NOT
27961,NOT
24941,NOT
30982,NOT
21890,OFF
27725,NOT
38684,NOT
14718,NOT
31641,NOT
20263,NOT
11152,NOT
13924,NOT
19043,NOT
11826,NOT
40070,NOT
15721,NOT
24992,NOT
44349,NOT
10391,NOT
29811,OFF
34872,NOT
15387,OFF
34326,NOT
45652,NOT
15705,NOT
45662,OFF
11721,NOT
33004,NOT
39639,NOT
14689,NOT
11727,NOT
26689,NOT
30137,NOT
34571,NOT
19530,NOT
36272,NOT
44425,NOT
41691,NOT
43671,NOT
25826,NOT
40635,NOT
35872,NOT
38904,NOT
21653,NOT
42055,NOT
43122,NOT
38044,OFF
18900,NOT
41866,NOT
12055,NOT
25876,NOT
26910,NOT
27889,NOT
15199,OFF
11114,NOT
30195,NOT
23046,NOT
30198,NOT
43243,NOT
19072,OFF
34592,NOT
24874,NOT
15899,OFF
33028,NOT
27174,NOT
22261,NOT
38356,NOT
41312,OFF
23389,NOT
22795,NOT
12171,NOT
36025,NOT
26062,NOT
23064,NOT
32693,OFF
16180,NOT
23700,NOT
21648,NOT
40919,NOT
39532,NOT
35839,NOT
24810,NOT
33540,NOT
12865,NOT
29770,OFF
26646,NOT
14888,NOT
11280,NOT
29564,NOT
29703,OFF
35758,NOT
39083,NOT
16647,NOT
42651,NOT
43320,NOT
18542,NOT
32052,NOT
18943,NOT
14875,NOT
22570,OFF
45369,NOT
27711,OFF
16071,NOT
24735,NOT
39877,NOT
15131,NOT
19721,NOT
26916,NOT
15357,NOT
30326,NOT
33313,OFF
43013,NOT
34115,OFF
27150,NOT
27024,NOT
17632,NOT
20499,NOT
30204,NOT
40847,OFF
10235,NOT
37506,NOT
26933,NOT
40338,OFF
40638,NOT
18874,NOT
45177,NOT
23051,OFF
39250,NOT
42445,NOT
29301,NOT
25819,NOT
32594,NOT
21050,NOT
42657,NOT
26146,NOT
34388,OFF
29341,NOT
38085,NOT
24922,NOT
34168,NOT
22739,NOT
13291,NOT
36903,NOT
43157,NOT
25698,NOT
32549,NOT
29899,NOT
27752,OFF
20300,NOT
29245,NOT
21406,NOT
12067,NOT
32073,NOT
30118,OFF
30187,NOT
25361,NOT
44377,NOT
15491,NOT
40433,NOT
10799,NOT
18658,NOT
27191,NOT
34633,OFF
29374,NOT
29947,NOT
18504,NOT
35430,NOT
32975,NOT
16799,NOT
25932,NOT
37581,NOT
24881,NOT
10243,NOT
40950,NOT
32288,NOT
39300,NOT
20878,NOT
34770,NOT
36648,OFF
31457,NOT
28790,NOT
11235,NOT
22149,OFF
41837,OFF
28464,NOT
30451,OFF
45168,NOT
38341,NOT
35642,NOT
29289,NOT
12111,NOT
21712,NOT
25292,NOT
31623,OFF
44420,NOT
37005,NOT
36117,OFF
13668,NOT
17110,NOT
43869,NOT
46071,NOT
44566,OFF
31369,NOT
28744,NOT
35432,NOT
17888,NOT
23157,NOT
42292,NOT
36991,NOT
20837,NOT
25080,NOT
28758,NOT
25955,OFF
24296,NOT
32272,NOT
41530,OFF
25430,OFF
25135,NOT
20267,NOT
39104,NOT
29548,NOT
18816,OFF
40090,NOT
21705,NOT
38277,NOT
37090,NOT
40449,NOT
19799,NOT
36163,NOT
29479,NOT
28923,NOT
19704,NOT
13275,NOT
34300,NOT
18820,NOT
23645,NOT
15537,NOT
38140,NOT
14626,NOT
46226,NOT
43570,OFF
45134,NOT
44833,OFF
41929,NOT
22086,OFF
34201,NOT
21359,NOT
36263,NOT
34876,OFF
39938,OFF
42068,NOT
37179,NOT
45117,NOT
13850,NOT
19051,NOT
36004,NOT
32815,OFF
14171,NOT
26594,OFF
29306,NOT
20716,NOT
18392,OFF
40716,NOT
42922,NOT
45010,NOT
26951,NOT
10692,NOT
34817,NOT
32969,NOT
23531,NOT
41159,NOT
36278,NOT
34423,NOT
43471,NOT
31959,OFF
45627,NOT
30510,NOT
43185,NOT
28096,NOT
35919,NOT
36710,NOT
32581,NOT
30315,NOT
35560,NOT
43563,NOT
35377,NOT
13962,NOT
43914,OFF
41365,OFF
39366,NOT
35739,NOT
28346,OFF
34365,NOT
25157,NOT
33114,NOT
30184,NOT
32608,NOT
22490,OFF
10047,NOT
23527,NOT
14206,OFF
28266,NOT
42045,NOT
38212,NOT
23568,OFF
30592,OFF
11190,NOT
13593,NOT
23789,NOT
26231,NOT
31309,NOT
12738,NOT
40382,NOT
37265,NOT
13599,NOT
35009,NOT
32153,OFF
40676,NOT
26447,NOT
13748,NOT
26597,NOT
33919,NOT
29715,NOT
37813,NOT
32220,NOT
45808,OFF
37762,NOT
28489,NOT
34916,OFF
21011,OFF
10295,NOT
18938,NOT
31817,OFF
44059,NOT
22171,NOT
26211,NOT
13155,NOT
29131,NOT
44259,OFF
11661,NOT
29690,NOT
35263,OFF
17359,OFF
22944,NOT
17100,NOT
23716,NOT
27310,NOT
44845,NOT
29572,NOT
31720,OFF
45005,NOT
41773,NOT
18798,NOT
17461,NOT
10082,NOT
39464,OFF
14376,NOT
10664,NOT
22321,NOT
11839,OFF
11899,NOT
31645,NOT
36988,NOT
31860,OFF
23106,NOT
41103,NOT
24581,NOT
31052,NOT
30618,NOT
46026,NOT
28701,NOT
13740,NOT
14903,OFF
10125,NOT
25198,NOT
20657,NOT
45154,NOT
17995,NOT
31062,NOT
16511,NOT
24883,NOT
20133,NOT
45742,NOT
28576,NOT
25725,NOT
16275,NOT
20303,NOT
40521,NOT
19603,NOT
24253,NOT
12718,NOT
13010,NOT
17797,NOT
43443,NOT
35335,NOT
16760,OFF
38068,NOT
26390,NOT
41370,NOT
32651,NOT
10191,NOT
40628,NOT
42350,NOT
34929,NOT
39863,OFF
20453,OFF
32890,NOT
33531,OFF
40734,NOT
29254,NOT
42518,NOT
37658,NOT
19135,NOT
12029,NOT
19846,NOT
38841,NOT
38860,NOT
18206,OFF
40702,OFF
18611,NOT
11476,NOT
13701,OFF
42876,OFF
42075,NOT
40662,NOT
16798,NOT
17804,NOT
10527,NOT
18593,NOT
19853,OFF
41961,NOT
33635,NOT
32731,OFF
40219,NOT
14880,NOT
18944,NOT
30629,NOT
45854,NOT
39627,NOT
34959,NOT
39818,NOT
29213,NOT
11347,NOT
28850,NOT
33080,NOT
21284,NOT
10229,NOT
25808,NOT
29208,NOT
17087,NOT
31782,NOT
43055,NOT
41831,NOT
36764,NOT
44911,NOT
39438,OFF
19002,NOT
45360,NOT
19350,NOT
43483,NOT
11937,NOT
39162,NOT
40667,NOT
36330,NOT
19098,NOT
32721,NOT
21044,NOT
13049,OFF
20704,NOT
17071,NOT
16733,OFF
32755,NOT
37539,NOT
27824,NOT
18959,NOT
28823,NOT
34473,OFF
27325,NOT
30254,NOT
14930,NOT
42086,NOT
12123,NOT
44809,NOT
15962,NOT
24084,NOT
31028,NOT
13779,NOT
41462,NOT
31673,NOT
17335,NOT
12132,NOT
31189,NOT
32126,NOT
42596,NOT
45491,NOT
28674,OFF
18097,NOT
15728,NOT
12540,NOT
30499,NOT
45452,NOT
43256,NOT
14577,NOT
12163,NOT
29218,NOT
43962,NOT
16828,NOT
16684,NOT
40859,NOT
43566,NOT
23438,NOT
14261,NOT
12555,NOT
43198,NOT
21120,NOT
12265,NOT
19100,OFF
28450,OFF
32405,OFF
35652,NOT
38733,NOT
37752,OFF
21337,OFF
11650,NOT
33840,NOT
13279,NOT
10427,OFF
28285,OFF
11770,NOT
24867,NOT
17776,NOT
20134,NOT
33591,NOT
15181,NOT
38582,OFF
34158,NOT
33400,NOT
42946,NOT
20146,NOT
14309,NOT
23061,NOT
23694,NOT
20893,NOT
35288,NOT
33573,NOT
20002,NOT
29713,NOT
23955,OFF
29302,NOT
23229,NOT
39418,NOT
29331,NOT
25477,OFF
19274,NOT
40389,NOT
15913,OFF
31091,NOT
23542,NOT
10008,OFF
18428,NOT
18388,NOT
33782,NOT
27702,NOT
31017,NOT
23647,NOT
44854,NOT
33372,NOT
15490,NOT
26204,NOT
18203,NOT
40357,NOT
19886,NOT
42087,NOT
13248,NOT
29644,NOT
24448,NOT
41472,NOT
15409,NOT
12704,NOT
17125,NOT
16490,NOT
28427,NOT
16949,NOT
30488,NOT
24860,NOT
26941,NOT
42288,NOT
17508,NOT
43145,NOT
15284,NOT
35511,NOT
25894,NOT
35658,NOT
10597,NOT
17052,NOT
18366,OFF
34724,NOT
18311,OFF
18751,NOT
16313,NOT
43215,NOT
45430,NOT
15815,NOT
40771,NOT
35282,NOT
24696,NOT
43714,OFF
23843,NOT
24420,OFF
25892,NOT
43272,NOT
27080,NOT
33333,NOT
16104,NOT
36889,NOT
27299,OFF
12141,NOT
35219,NOT
22038,NOT
36879,NOT
43985,NOT
28458,NOT
39814,NOT
10904,NOT
39382,NOT
19636,NOT
41429,NOT
43176,NOT
31224,OFF
26224,NOT
26734,NOT
43112,NOT
25881,NOT
44572,NOT
23117,NOT
35755,OFF
38976,NOT
28869,NOT
44727,NOT
26132,NOT
10307,NOT
32407,NOT
40825,NOT
10729,NOT
43625,NOT
10327,NOT
11665,NOT
33643,NOT
10367,NOT
26637,NOT
14294,NOT
24238,NOT
40704,NOT
15154,NOT
19839,NOT
39968,NOT
29436,NOT
36732,NOT
41592,OFF
35647,NOT
11490,NOT
21014,NOT
25610,NOT
25366,NOT
25984,NOT
43663,NOT
27579,NOT
16689,NOT
42989,NOT
40535,NOT
37694,NOT
35389,NOT
13370,NOT
32687,NOT
36843,NOT
20998,NOT
21927,NOT
23932,NOT
17143,NOT
24759,OFF
12328,NOT
14809,OFF
15125,NOT
10141,NOT
26472,NOT
21048,NOT
37916,NOT
40294,NOT
37657,NOT
27959,NOT
42788,NOT
32501,NOT
18524,NOT
19844,NOT
20438,NOT
11550,NOT
36297,NOT
39614,NOT
10687,NOT
38528,OFF
20268,NOT
24677,OFF
41208,NOT
20568,NOT
11627,NOT
40804,NOT
42787,NOT
35302,NOT
10777,NOT
32744,NOT
37070,NOT
21471,NOT
30689,NOT
27247,NOT
23266,NOT
30872,NOT
31659,NOT
30010,NOT
27584,NOT
35140,OFF
40839,NOT
26557,OFF
46217,NOT
30365,NOT
38363,OFF
20681,NOT
26914,NOT
24100,NOT
40103,OFF
40835,NOT
23063,OFF
15990,NOT
13011,NOT
42620,NOT
22785,NOT
24788,NOT
36744,NOT
27594,NOT
33778,NOT
22331,OFF
11538,NOT
34520,NOT
41401,NOT
22048,NOT
23476,NOT
20487,NOT
45823,OFF
42417,NOT
14797,NOT
13703,NOT
28331,NOT
32816,NOT
35575,NOT
40354,NOT
21811,NOT
43170,NOT
29997,NOT
41020,NOT
17116,OFF
35226,OFF
30340,NOT
21020,NOT
22204,NOT
20689,NOT
24283,NOT
36213,NOT
23226,NOT
22098,NOT
16795,NOT
27792,NOT
31989,NOT
32249,OFF
18926,NOT
22829,NOT
21784,NOT
41073,NOT
12403,NOT
21694,NOT
37121,NOT
29501,NOT
13674,NOT
35900,NOT
16907,OFF
33979,NOT
36600,NOT
37825,NOT
13615,NOT
14804,NOT
12277,NOT
30019,NOT
38635,NOT
23142,NOT
11846,OFF
33314,NOT
28295,NOT
22996,NOT
32422,NOT
34447,NOT
26324,NOT
38337,NOT
42298,OFF
31829,OFF
13551,NOT
23693,OFF
17268,NOT
29127,NOT
37896,NOT
43805,NOT
37044,NOT
11078,OFF
45922,OFF
34798,NOT
36043,NOT
31359,OFF
22985,NOT
17521,NOT
17642,NOT
23598,NOT
40089,NOT
40876,NOT
46184,NOT
18468,NOT
21132,NOT
17179,NOT
28164,NOT
35386,NOT
10885,NOT
46193,NOT
28534,NOT
43413,NOT
19457,NOT
27893,NOT
27322,NOT
45635,NOT
38319,NOT
11847,NOT
18272,NOT
40038,NOT
36696,NOT
42715,NOT
45564,NOT
17729,NOT
11125,NOT
16632,OFF
20259,OFF
17475,OFF
32946,NOT
38965,OFF
29934,OFF
26723,NOT
25526,NOT
41393,NOT
38301,NOT
28796,NOT
32827,OFF
40755,NOT
32709,NOT
12784,NOT
24451,NOT
31820,NOT
13597,NOT
32335,NOT
12162,NOT
11752,NOT
30747,NOT
14505,OFF
29101,NOT
43641,NOT
30165,NOT
22014,NOT
37231,NOT
32172,OFF
10291,NOT
17188,NOT
17721,NOT
18739,NOT
37526,OFF
41791,NOT
18634,NOT
22393,NOT
23169,NOT
18562,NOT
32736,OFF
37460,NOT
14062,NOT
28185,NOT
27589,NOT
12770,OFF
40495,NOT
42584,NOT
19748,OFF
31652,NOT
30016,NOT
16755,NOT
30392,NOT
16198,NOT
24812,NOT
25888,NOT
11376,NOT
40898,NOT
18795,NOT
42576,NOT
42168,OFF
33343,OFF
15292,NOT
37990,OFF
46175,NOT
43300,OFF
12237,NOT
43860,NOT
25385,NOT
15155,NOT
17631,NOT
10333,NOT
37690,OFF
22408,NOT
20122,OFF
14404,OFF
20228,OFF
36637,OFF
21038,NOT
23082,NOT
41406,NOT
16345,NOT
43194,NOT
26496,NOT
24856,NOT
39219,NOT
11342,NOT
11772,NOT
29805,NOT
32889,NOT
20512,NOT
43226,OFF
34998,NOT
21323,NOT
14974,NOT
28143,NOT
17196,NOT
35376,NOT
39261,NOT
33658,NOT
26104,NOT
33206,NOT
37605,NOT
17666,OFF
26874,NOT
42429,NOT
22402,NOT
20491,NOT
32032,NOT
13765,NOT
10196,NOT
36883,NOT
10358,OFF
35597,NOT
16386,OFF
24321,NOT
10375,NOT
15051,NOT
22717,NOT
26157,NOT
41471,NOT
30771,NOT
25714,NOT
13876,NOT
39184,OFF
19394,NOT
31798,NOT
26167,NOT
26818,NOT
44362,NOT
33150,NOT
33587,OFF
21698,NOT
13835,OFF
25883,NOT
44765,NOT
45472,OFF
14232,NOT
29839,NOT
40437,OFF
27516,NOT
11443,NOT
37681,NOT
37087,NOT
31914,OFF
35126,NOT
35138,NOT
13209,NOT
12761,NOT
35791,NOT
28605,NOT
39906,NOT
23650,NOT
18449,NOT
15598,NOT
10784,NOT
45798,NOT
15105,NOT
22137,NOT
42101,NOT
12888,NOT
35496,NOT
17540,OFF
28716,NOT
25241,NOT
43009,NOT
40004,NOT
45384,NOT
25906,NOT
19975,OFF
36480,NOT
40877,NOT
32570,NOT
18823,NOT
18825,NOT
31800,NOT
36250,OFF
28787,NOT
27484,NOT
41742,NOT
45705,NOT
29225,NOT
15130,NOT
